Company Name,County,City,Status,Program,Primary Funding Agreement,Award Date,Total Project Cost,Capital Investment,Direct Assistance Awarded,Tax Benefits Awarded,Projected Jobs - Created,Projected Jobs - Retained,Projected Jobs - Other,Projected Jobs - Total,Projected Qualifying Wage,Contracted Jobs - Created,Contracted Jobs - Retained,Contracted Jobs - Other Created,Contracted Jobs - Total,Contacted Qualifying Wage,Project Completion Jobs - Created,Project Completion Jobs - Retained,Project Completion Jobs - Other Created,Project Completion Jobs - Total,Verified Total Project Cost,Project Completion Date,Reported Jobs - Created,Reported Jobs - Retained,Reported Jobs - Other Created,Reported Jobs - Total,Date Reported,Project Maintenance Date,City Coordinates
"Kent Pet Group, Inc.",Muscatine,Muscatine,Under contract - In Performance,High Quality Jobs Program,23-HQJPDF-007,3/17/2023,"$81,892,000 ","$80,092,000 ","$150,000 ","$3,988,500 ",27,0,1,28,$22.08 ,27,0,1,28,$22.08 ,,,,,"$81,892,000.00 ",3/31/2026,,,,,3/31/2026,3/31/2028,POINT (-91.04338 41.42229)
"Ranco Fertiservice, Inc.",Buena Vista,Sioux Rapids,Under contract - In Performance,High Quality Jobs Program,25-HQJPDF-001,8/16/2024,"$2,000,000 ","$1,900,000 ","$500,000 ",$0 ,0,0,0,0,$25.32 ,0,0,0,0,$25.32 ,,,,,"$2,000,000.00 ",8/31/2027,,,,,8/31/2027,8/31/2029,POINT (-95.15168 42.89224)
"A to Z Drying, Inc.",Mitchell,Osage,Under contract - In Performance,High Quality Jobs Program,24-HQJPTC-001,7/21/2023,"$23,255,271 ","$23,255,271 ",$0 ,"$1,029,368 ",9,0,7,16,$24.91 ,9,0,7,16,$24.91 ,,,,,"$23,255,271.00 ",7/31/2026,,,,,7/31/2026,7/31/2028,POINT (-92.81031 43.28408)
"Midwest Mechanical Industrial Holdings, LLC",Harrison,Logan,Under contract - In Performance,High Quality Jobs Program,20-HQJPTC-007,10/18/2019,"$2,735,000 ","$2,735,000 ",$0 ,"$167,000 ",18,0,0,18,$21.00 ,18,0,0,18,$21.00 ,,,,,"$2,735,000.00 ",10/31/2025,,,,,10/31/2025,10/31/2027,POINT (-95.79026 41.64308)
"Templeton Rye Spirits Holdings, LLC",Carroll,Templeton,Under contract - In Performance,High Quality Jobs Program,22-HQJPTC-029,4/22/2022,"$13,559,999 ","$13,559,999 ",$0 ,"$389,085 ",2,0,1,3,$22.63 ,2,0,1,3,$22.63 ,,,,,"$13,559,999.00 ",4/30/2025,,,,,4/30/2025,4/30/2027,POINT (-94.94382 41.92016)
Advanced Heat Treat Corp.,Black Hawk,Waterloo,Under contract - In Maintenance,High Quality Jobs Program,18-HQJTC-038,3/23/2018,"$4,896,001 ","$4,894,001 ",$0 ,"$230,880 ",6,0,6,12,$17.29 ,6,0,0,6,$17.29 ,6,0,0,6,"$4,896,001.00 ",3/31/2024,6,0,0,6,3/31/2024,3/31/2026,POINT (-92.34194 42.49329)
Universal Tank & Fabrication Inc.,Dubuque,Dubuque,Under contract - In Performance,High Quality Jobs Program,25-HQJPTC-005,11/15/2024,"$4,065,000 ","$2,895,000 ",$0 ,"$274,600 ",15,0,0,15,$28.96 ,15,0,0,15,$28.96 ,,,,,"$4,065,000.00 ",11/30/2027,,,,,11/30/2027,11/30/2029,POINT (-90.66304 42.49919)
Ancient Brands Milling,Dubuque,Dyersville,Under contract - In Performance,High Quality Jobs Program,22-HQJPTC-031,5/20/2022,"$26,518,800 ","$26,518,800 ",$0 ,"$769,093 ",17,0,0,17,$22.63 ,17,0,0,17,$22.63 ,,,,,"$26,518,800.00 ",5/31/2025,,,,,5/31/2025,5/31/2027,POINT (-91.11413 42.47992)
Hormel Foods Corporation,Dubuque,Dubuque,Under contract - In Performance,High Quality Jobs Program,22-HQJPTC-018,1/21/2022,"$43,000,000 ","$43,000,000 ",$0 ,"$1,314,000 ",38,0,0,38,$21.13 ,38,0,0,38,$21.13 ,,,,,"$43,000,000.00 ",1/31/2025,,,,,1/31/2025,1/31/2027,POINT (-90.66304 42.49919)
"Edgewood Locker, Inc. and Kerns Building LLC",Clayton,Edgewood,Under contract - In Performance,High Quality Jobs Program,21-HQJPTC-018,2/19/2021,"$8,880,000 ","$8,435,000 ",$0 ,"$472,050 ",14,0,0,14,$17.86 ,14,0,0,14,$17.86 ,,,,,"$8,880,000.00 ",2/28/2026,,,,,2/28/2026,2/28/2028,POINT (-91.403 42.64442)
Cargill Incorporated,Woodbury,Sioux City,Under contract - In Performance,High Quality Jobs Program,25-HQJPTC-002,7/19/2024,"$26,000,000 ","$26,000,000 ",$0 ,"$336,000 ",4,0,0,4,$27.07 ,4,0,0,4,$27.07 ,,,,,"$26,000,000.00 ",7/31/2027,,,,,7/31/2027,7/31/2029,POINT (-96.42086 42.4999)
"Danisco US, INC/IFF",Linn,Cedar Rapids,Under contract - In Performance,High Quality Jobs Program,24-HQJPTC-014,3/22/2024,"$68,122,043 ","$58,810,643 ",$0 ,"$1,739,556 ",2,0,0,2,$31.44 ,7,0,33,40,$31.44 ,,,,,"$68,122,043.00 ",3/31/2027,,,,,3/31/2027,3/31/2029,POINT (-91.67337 41.97649)
"Cargill, Incorporated",Monroe,Eddyville,Under contract - In Performance,High Quality Jobs Program,20-HQJPTC-023,5/22/2020,"$233,000,000 ","$210,000,000 ",$0 ,"$6,000,000 ",14,0,14,28,$17.46 ,14,0,14,28,$17.46 ,,,,,"$233,000,000.00 ",5/31/2025,,,,,5/31/2025,5/31/2027,POINT (-92.6312 41.16072)
"Google, LLC",Linn,Cedar Rapids,Under contract - In Performance,High Quality Jobs Program,24-HQJPTC-012,3/22/2024,"$576,000,000 ","$576,000,000 ",$0 ,$0 ,31,0,0,31,$31.44 ,31,0,0,31,$31.44 ,,,,,"$576,000,000.00 ",3/31/2031,,,,,3/31/2031,3/31/2033,POINT (-91.67337 41.97649)
"Back Alley Printers, Inc. dba Image Pointe, Dignity Apparel et al",Black Hawk,Waterloo,Under contract - In Performance,High Quality Jobs Program,23-HQJPTC-024,6/16/2023,"$4,500,000 ","$4,455,000 ",$0 ,"$142,650 ",7,0,0,7,$21.01 ,7,0,0,7,$21.01 ,,,,,"$4,500,000.00 ",6/30/2026,,,,,6/30/2026,6/30/2028,POINT (-92.34194 42.49329)
Silgan Containers Manufacturing Corporation,Des Moines,Burlington,Under contract - In Maintenance,Targeted Jobs,15-TJWTC-008,2/20/2015,"$102,400,000 ","$102,400,000 ",$0 ,"$1,721,895 ",110,0,10,120,$17.54 ,110,0,10,120,$17.54 ,110,0,10,120,"$102,400,000.00 ",2/28/2018,110,0,10,120,2/28/2018,2/28/2025,POINT (-91.10072 40.81218)
"Vemerald, LLC",Scott,Davenport,Under contract - In Performance,High Quality Jobs Program,24-HQJPTC-017,5/17/2024,"$800,000,000 ","$800,000,000 ",$0 ,$0 ,35,0,0,35,$28.76 ,35,0,0,35,$28.76 ,,,,,"$800,000,000.00 ",5/31/2031,,,,,5/31/2031,5/31/2033,POINT (-90.57602 41.53826)
C&A Scale Service,Pottawattamie,Minden,Under contract - In Performance,High Quality Jobs Program,25-HQJPTC-001,7/19/2024,"$2,587,800 ","$2,537,800 ",$0 ,"$105,856 ",4,0,0,4,$25.19 ,4,0,0,4,$25.19 ,,,,,"$2,587,800.00 ",7/31/2027,,,,,7/31/2027,7/31/2029,POINT (-95.54064 41.46747)
First Capitol Baking Company,Des Moines,Burlington,Under contract - In Performance,Targeted Jobs,21-TJWPTC-002,3/19/2021,"$2,250,000 ","$2,250,000 ",$0 ,$0 ,20,0,0,20,$21.61 ,20,0,0,20,$21.61 ,,,,,"$2,250,000.00 ",8/31/2025,,,,,8/31/2025,8/31/2032,POINT (-91.10072 40.81218)
"OpenLoop Health, Inc.",Polk,Des Moines,Under contract - In Performance,High Quality Jobs Program,23-HQJPDF-004,1/20/2023,"$10,950,000 ","$4,800,000 ","$500,000 ",$0 ,60,0,340,400,$34.25 ,60,0,340,400,$34.25 ,,,,,"$10,950,000.00 ",1/31/2026,,,,,1/31/2026,1/30/2028,POINT (-93.61538 41.58981)
Hormel Foods Corporation and Burke Marketing Corporation,Story,Nevada,Under contract - In Performance,High Quality Jobs Program,19-HQJTC-008,9/21/2018,"$150,400,000 ","$15,000,000 ",$0 ,"$10,512,000 ",52,0,158,210,$24.95 ,52,0,158,210,$24.95 ,,,,,"$150,400,000.00 ",9/30/2024,52,0,158,210,9/30/2024,9/30/2026,POINT (-93.45286 42.0227)
"M.H. Eby, Inc.",Story,Story City,Under contract - In Performance,High Quality Jobs Program,24-HQJPTC-002,7/21/2023,"$15,350,000 ","$15,350,000 ",$0 ,"$800,000 ",12,0,108,120,$30.07 ,12,0,108,120,$30.07 ,,,,,"$15,350,000.00 ",7/31/2026,,,,,7/31/2026,7/31/2028,POINT (-93.59436 42.1871)
CJ Bio America Inc.,Webster,Fort Dodge,Under contract - In Maintenance,High Quality Jobs Program,21-HQJPTC-026,4/16/2021,"$20,445,000 ","$20,445,000 ",$0 ,"$675,600 ",4,0,0,4,$19.47 ,4,0,0,4,$19.47 ,4,0,0,4,"$20,445,000.00 ",4/30/2024,4,0,0,4,4/30/2024,4/30/2026,POINT (-94.17764 42.50155)
"Sadler Power Train, Inc.",Linn,Cedar Rapids,Under contract - In Maintenance,High Quality Jobs Program,21-HQJPTC-027,4/16/2021,"$2,327,000 ","$2,327,000 ",$0 ,"$60,000 ",1,0,3,4,$23.20 ,1,0,3,4,$23.20 ,1,0,3,4,"$2,327,000.00 ",4/30/2024,1,0,3,4,4/30/2024,4/30/2026,POINT (-91.67337 41.97649)
"Unverferth Manufacturing Co., Inc.",Butler,Shell Rock,Under contract - In Maintenance,High Quality Jobs Program,22-HQJPTC-014,10/22/2021,"$11,847,682 ","$9,847,682 ",$0 ,"$649,684 ",30,0,0,30,$20.20 ,30,0,0,30,$20.20 ,30,0,0,30,"$11,847,682.00 ",10/31/2024,30,0,0,30,10/31/2024,10/31/2026,POINT (-92.58276 42.71047)
Mg Biologics,Boone,Ames,Under contract - In Performance,High Quality Jobs Program,24-HQJPTC-018,6/21/2024,"$5,000,000 ","$5,000,000 ",$0 ,"$231,000 ",8,0,0,8,$31.27 ,8,0,0,8,$31.27 ,,,,,"$5,000,000.00 ",6/30/2027,,,,,6/30/2027,6/30/2029,POINT (-93.6202 42.02536)
IceCap Cold Storage,Pottawattamie,Council Bluffs,Under contract - In Performance,Targeted Jobs,23-TJWPTC-001,11/18/2022,"$69,675,937 ","$69,375,937 ",$0 ,"$776,650 ",96,0,50,146,$24.42 ,96,50,50,146,$24.42 ,,,,,"$69,675,937.00 ",11/30/2025,,,,,11/30/2025,11/30/2027,POINT (-95.8511 41.25818)
Western's Smokehouse & Meat Market LLC,Des Moines,Burlington,Under contract - In Performance,High Quality Jobs Program,22-HQJPDF-010,6/17/2022,"$20,775,273 ","$19,685,739 ","$200,000 ","$270,042 ",45,0,105,150,$18.94 ,45,0,105,150,$18.94 ,,,,,"$20,775,273.00 ",6/30/2025,,,,,6/30/2025,6/30/2027,POINT (-91.10072 40.81218)
"Mobile Track Solutions, LLC",Clayton,Elkader,Under contract - In Performance,High Quality Jobs Program,23-HQJPDF-005,2/17/2023,"$11,450,000 ","$3,950,000 ","$250,000 ","$310,000 ",30,0,0,30,$18.44 ,30,0,0,30,$18.44 ,,,,,"$11,450,000.00 ",2/28/2026,,,,,2/28/2026,2/28/2028,POINT (-91.40504 42.85363)
Worley Warehousing,Linn,Cedar Rapids,Under contract - In Maintenance,High Quality Jobs Program,20-HQJPTC-011,11/22/2019,"$8,339,000 ","$3,850,000 ",$0 ,"$520,000 ",3,0,0,3,$22.27 ,3,0,6,9,$22.27 ,3,0,6,9,"$8,339,000.00 ",11/30/2024,3,0,6,9,11/30/2024,11/30/2026,POINT (-91.67337 41.97649)
"Timken Drives, LLC",Clinton,Clinton,Under contract - In Maintenance,High Quality Jobs Program,20-HQJPDF-005,2/21/2020,"$2,150,000 ","$1,400,000 ","$250,000 ",$0 ,66,0,18,84,$16.63 ,66,0,18,84,$16.63 ,66,0,18,84,"$2,150,000.00 ",2/28/2023,66,0,18,84,2/28/2023,2/28/2025,POINT (-90.19095 41.83898)
"A&A Realty Group, LLC and WorldWide Integrated Supply Chain Solutions, Inc. dba WorldWide Logistics",Polk,Urbandale,Under contract - In Maintenance,High Quality Jobs Program,22-HQJPTC-015,10/22/2021,"$17,217,769 ","$17,197,769 ",$0 ,"$806,888 ",11,0,100,111,$27.57 ,11,0,54,65,$27.57 ,11,0,54,65,"$17,217,769.00 ",10/31/2024,11,0,54,65,10/31/2024,10/31/2026,POINT (-93.71234 41.62553)
"LAFORGE, LLC",Black Hawk,Cedar Falls,Under contract - In Performance,High Quality Jobs Program,24-HQJPTC-016,4/19/2024,"$2,445,000 ","$2,435,000 ",$0 ,"$100,200 ",6,0,0,6,$22.01 ,6,0,0,6,$22.01 ,,,,,"$2,445,000.00 ",4/30/2027,,,,,4/30/2027,4/30/2029,POINT (-92.44552 42.52626)
Ag Processing Inc. a Cooperative,Woodbury,Sergeant Bluff,Under contract - In Performance,High Quality Jobs Program,22-HQJPTC-016,11/19/2021,"$71,500,000 ","$71,100,000 ",$0 ,"$842,000 ",2,0,0,2,$20.56 ,2,0,0,2,$20.56 ,,,,,"$71,500,000.00 ",11/30/2025,,,,,11/30/2025,11/30/2027,POINT (-96.36276 42.40031)
"ICE Manufacturing, Inc.",Fayette,Oelwein,Under contract - In Maintenance,High Quality Jobs Program,21-HQJDF-002,7/17/2020,"$2,394,000 ","$2,064,000 ","$250,000 ","$127,100 ",33,0,0,33,$16.35 ,33,0,0,33,$16.35 ,33,0,0,33,"$2,394,000.00 ",7/31/2023,33,0,0,33,7/31/2023,7/31/2025,POINT (-91.91199 42.67798)
"TPI IOWA, LLC",Jasper,Newton,Under contract - In Performance,High Quality Jobs Program,25-HQJPDF-002,1/17/2025,"$3,215,000 ","$3,215,000 ","$500,000 ",$0 ,320,0,0,320,$23.81 ,320,0,0,320,$23.81 ,,,,,"$3,215,000.00 ",1/31/2028,,,,,1/31/2028,1/31/2030,POINT (-93.04286 41.69927)
"Mid-Am Building Supply, Inc./Knabel's Inc.",Henry,Mount Pleasant,Under contract - In Maintenance,High Quality Jobs Program,21-HQJPTC-031,5/21/2021,"$8,650,000 ","$8,650,000 ",$0 ,"$220,500 ",2,0,6,8,$17.70 ,2,0,0,2,$17.70 ,2,0,0,2,"$8,650,000.00 ",9/30/2024,2,0,0,2,9/30/2024,9/30/2026,POINT (-91.55441 40.96559)
RILCO,Scott,Eldridge,Under contract - In Performance,High Quality Jobs Program,24-HQJPTC-004,7/21/2023,"$5,409,153 ","$2,600,000 ",$0 ,"$135,000 ",31,0,50,81,$27.56 ,31,0,50,81,$27.56 ,,,,,"$5,409,153.00 ",7/31/2026,,,,,7/31/2026,7/31/2028,POINT (-90.58373 41.65468)
"Centro, Inc.",Franklin,Hampton,Under contract - In Performance,High Quality Jobs Program,22-HQJPTC-037,7/17/2022,"$5,271,000 ","$5,271,000 ",$0 ,"$322,550 ",16,0,12,28,$24.18 ,16,0,12,28,$24.18 ,,,,,"$5,271,000.00 ",6/30/2025,,,,,6/30/2025,6/30/2027,POINT (-93.21136 42.74174)
"Diamond Vogel, Inc.",Sioux,Orange City,Under contract - In Maintenance,High Quality Jobs Program,19-HQJTC-005,10/19/2018,"$24,135,708 ","$24,135,705 ",$0 ,"$2,413,566 ",69,0,85,154,$20.48 ,69,0,85,154,$20.48 ,69,0,85,154,"$24,135,708.00 ",8/31/2024,18,0,0,18,8/31/2024,8/31/2026,POINT (-96.05682 42.99975)
Klauer Manufacturing Company,Dubuque,Dubuque,Under contract - In Maintenance,High Quality Jobs Program,22-HQJPTC-020,1/21/2022,"$96,315,000 ","$96,315,000 ",$0 ,"$977,700 ",16,0,0,16,$21.13 ,16,0,0,16,$21.13 ,16,0,0,16,"$96,315,000.00 ",1/31/2025,16,0,0,16,1/31/2025,1/31/2027,POINT (-90.66304 42.49919)
Calcium Products,Webster,Fort Dodge,Under contract - In Maintenance,High Quality Jobs Program,22-HQJPTC-006,8/20/2021,"$17,100,000 ","$17,100,000 ",$0 ,"$225,000 ",2,0,0,2,$20.47 ,2,0,0,2,$20.47 ,2,0,0,2,"$17,100,000.00 ",8/31/2024,2,0,0,2,8/31/2024,8/31/2026,POINT (-94.17764 42.50155)
"Cold-Link Logistics Sioux City, LLC",Woodbury,Sioux City,Under contract - In Performance,Targeted Jobs,22-TJWPTC-002,2/18/2022,"$58,087,460 ","$57,987,460 ",$0 ,"$458,913 ",56,0,4,60,$23.06 ,56,0,2,58,$23.06 ,,,,,"$58,087,460.00 ",2/28/2025,53,0,0,53,2/28/2025,2/28/2027,POINT (-96.42086 42.4999)
Norman Scott Inc. dba In Tolerance Contract Manufacturing,Linn,Cedar Rapids,Under contract - In Maintenance,High Quality Jobs Program,21-HQJTC-013,11/20/2020,"$3,447,000 ","$3,425,000 ",$0 ,"$160,500 ",6,0,0,6,$23.20 ,6,0,0,6,$23.20 ,6,0,0,6,"$3,447,000.00 ",11/30/2023,6,0,0,6,11/30/2023,11/30/2025,POINT (-91.67337 41.97649)
"Innovative Injection Technologies, Inc. dba i2-Tech",Polk,West Des Moines,Under contract - In Maintenance,High Quality Jobs Program,21-HQJTC-021,3/19/2021,"$10,000,000 ","$10,000,000 ",$0 ,"$531,000 ",12,0,48,60,$26.67 ,12,0,48,60,$26.67 ,12,0,48,60,"$10,000,000.00 ",3/31/2024,12,0,48,60,3/31/2024,3/31/2026,POINT (-93.75694 41.5677)
"Platinum Crush, LLC",Buena Vista,Alta,Under contract - In Maintenance,High Quality Jobs Program,22-HQJPTC-023,2/18/2022,"$360,116,363 ","$359,866,363 ",$0 ,"$10,176,558 ",51,0,0,51,$22.32 ,51,0,0,51,$22.32 ,51,0,0,51,"$360,116,363.00 ",2/28/2025,51,0,0,51,2/28/2025,2/28/2027,POINT (-95.309 42.67558)
"Amcor Rigid Plastics USA, Inc.",Story,Ames,Under contract - In Maintenance,High Quality Jobs Program,20-HQJTC-022,4/17/2020,"$3,086,270 ","$3,086,270 ",$0 ,"$172,591 ",6,0,42,48,$27.25 ,6,0,9,15,$27.25 ,6,0,9,15,"$3,086,270.00 ",4/30/2023,6,0,9,15,4/30/2023,4/30/2025,POINT (-93.6202 42.02536)
"Green Plains Shenandoah, LLC",Page,Shenandoah,Under contract - In Performance,High Quality Jobs Program,22-HQJPDF-009,4/22/2022,"$50,000,000 ","$50,000,000 ","$250,000 ","$870,000 ",12,0,0,12,$21.78 ,12,0,0,12,$21.78 ,,,,,"$50,000,000.00 ",4/30/2025,,,,,4/30/2025,4/30/2027,POINT (-95.37561 40.76593)
"Siculus, Inc.",Polk,Altoona,Under contract - In Maintenance,High Quality Jobs Program,13-HQJTC-040,4/23/2013,"$700,000,000 ","$699,500,000 ",$0 ,"$26,000,000 ",31,0,0,31,$23.12 ,41,0,0,41,$23.12 ,41,0,0,41,"$700,000,000.00 ",3/31/2023,41,0,0,41,3/31/2023,3/31/2025,POINT (-93.45749 41.64407)
"Valley Plating, Inc. and Vonk Bros., LLC",Sioux,Rock Valley,Under contract - In Performance,High Quality Jobs Program,23-HQJPTC-021,4/21/2023,"$1,995,000 ","$1,873,000 ",$0 ,"$61,110 ",3,0,4,7,$23.57 ,3,0,4,7,$23.57 ,,,,,"$1,995,000.00 ",4/30/2026,,,,,4/30/2026,4/30/2028,POINT (-96.29494 43.20672)
M.G. Waldbaum Co dba Michael Foods Egg Products Co.,Warren,Norwalk,Under contract - In Performance,High Quality Jobs Program,23-HQJPTC-020,4/21/2023,"$146,000,000 ","$146,000,000 ",$0 ,"$4,270,000 ",25,0,161,186,$30.38 ,25,0,161,186,$30.38 ,,,,,"$146,000,000.00 ",4/30/2027,,,,,4/30/2027,4/30/2029,POINT (-93.67825 41.47982)
Pella Corporation,Marion,Pella,Under contract - In Performance,High Quality Jobs Program,22-HQJPDF-003,7/16/2021,"$5,600,000 ","$5,600,000 ","$200,000 ",$0 ,120,0,0,120,$20.58 ,120,0,0,120,$20.58 ,,,,,"$5,600,000.00 ",7/31/2024,,,,,7/31/2024,7/31/2026,POINT (-92.91645 41.40773)
"Atlas Roofing Corporation, Inc.",Clinton,Clinton,Under contract - In Performance,High Quality Jobs Program,23-HQJPDF-008,4/21/2023,"$212,000,000 ","$212,000,000 ","$750,000 ","$8,000,000 ",117,0,0,117,$19.57 ,117,0,0,117,$19.57 ,,,,,"$212,000,000.00 ",4/30/2026,,,,,4/30/2026,4/30/2028,POINT (-90.19095 41.83898)
"Weiler, Inc.",Marion,Knoxville,Under contract - In Maintenance,High Quality Jobs Program,22-HQJPDF-001,7/16/2021,"$33,228,500 ","$22,793,500 ","$1,000,000 ","$755,690 ",72,0,29,101,$22.63 ,72,0,29,101,$22.63 ,72,0,29,101,"$33,228,500.00 ",7/31/2024,72,0,29,72,7/31/2024,7/31/2026,POINT (-93.09988 41.32029)
"Dose Steelworks, Inc. and Dose Holdings LLC",Story,Story City,Under contract - In Maintenance,High Quality Jobs Program,21-HQJPTC-038,6/25/2021,"$4,720,000 ","$4,720,000 ",$0 ,"$171,900 ",6,0,8,14,$27.67 ,6,0,4,10,$17.67 ,6,0,4,10,"$4,720,000.00 ",6/30/2024,6,0,4,10,6/30/2024,6/30/2026,POINT (-93.59436 42.1871)
"Zero Zone Refrigeration, LLC, Zero Zone, Inc., and ZZI, Inc.",Dubuque,Dyersville,Under contract - In Performance,High Quality Jobs Program,22-HQJPDF-006,9/17/2021,"$2,112,500 ","$800,000 ","$200,000 ","$59,625 ",34,0,16,50,$22.63 ,34,0,16,50,$22.63 ,,,,,"$2,112,500.00 ",9/30/2025,,,,,9/30/2025,9/30/2027,POINT (-91.11413 42.47992)
"Kreg Enterprises, Inc.",Polk,Ankeny,Under contract - In Performance,High Quality Jobs Program,19-HQJTC-012,12/21/2018,"$34,400,000 ","$34,050,000 ",$0 ,"$738,000 ",20,0,0,20,$30.32 ,20,0,0,20,$30.32 ,,,,,"$34,400,000.00 ",12/31/2024,,,,,12/31/2024,12/31/2026,POINT (-93.60527 41.73188)
"Warren Distribution, Inc.",Pottawattamie,Council Bluffs,Under contract - In Maintenance,Targeted Jobs,18-TJ-007,6/22/2018,"$12,800,000 ","$12,800,000 ",$0 ,"$212,773 ",13,0,17,30,$18.18 ,13,0,17,30,$18.18 ,13,0,17,30,"$12,800,000.00 ",6/30/2021,13,0,17,30,6/30/2021,6/30/2028,POINT (-95.8511 41.25818)
Sabre Communications Corporation,Woodbury,Sioux City,Under contract - In Maintenance,High Quality Jobs Program,21-HQJPTC-008,8/21/2020,"$25,000,000 ","$25,000,000 ",$0 ,"$1,182,531 ",13,0,63,76,$23.47 ,13,0,3,16,$23.47 ,13,0,3,16,"$25,000,000.00 ",8/31/2024,13,0,3,16,8/31/2024,8/31/2026,POINT (-96.42086 42.4999)
"A.D.R. Axles USA, Inc.",Dallas,Perry,Under contract - In Performance,High Quality Jobs Program,25-HQJPDF-003 and 25-HQJPTC-013,4/18/2025,"$14,650,000 ","$14,330,000 ","$500,000 ","$300,000 ",12,0,23,35,$31.10 ,12,0,23,35,$31.10 ,,,,,"$14,650,000.00 ",4/30/2028,,,,,4/30/2028,4/30/2030,POINT (-94.1056 41.83854)
CO2 Refrigeration Systems (IOWA) LLC,Marshall,Marshalltown,Under contract - In Performance,High Quality Jobs Program,24-HQJPDF-004,3/22/2024,"$1,570,000 ","$1,490,000 ","$100,000 ","$77,500 ",48,0,0,48,$22.17 ,48,0,0,48,$22.17 ,,,,,"$1,570,000.00 ",3/31/2027,,,,,3/31/2027,3/31/2029,POINT (-92.90803 42.05006)
Convergen Energy,Linn,Fairfax,Under contract - In Performance,High Quality Jobs Program,23-HQJPTC-006,11/18/2022,"$23,255,000 ","$18,400,000 ",$0 ,"$587,250 ",11,0,12,23,$24.20 ,11,0,12,23,$24.20 ,,,,,"$23,255,000.00 ",10/31/2025,,,,,10/31/2025,10/31/2027,POINT (-91.7838 41.92213)
"Fair Oaks Farms, LLC dba Fair Oaks Foods",Scott,Davenport,Under contract - In Performance,High Quality Jobs Program,22-HQJPTC-038,7/17/2022,"$44,000,000 ","$44,000,000 ",$0 ,"$3,432,000 ",78,0,169,247,$21.97 ,78,0,169,247,$21.97 ,,,,,"$44,000,000.00 ",6/30/2027,,,,,6/30/2027,6/30/2029,POINT (-90.57602 41.53826)
Ingredion Incorporated,Linn,Cedar Rapids,Under contract - In Performance,High Quality Jobs Program,25-HQJPTC-010,3/21/2025,"$48,500,000 ","$47,000,000 ",$0 ,"$1,140,469 ",4,0,0,4,$32.64 ,4,0,0,4,$32.64 ,,,,,"$48,500,000.00 ",3/31/2028,,,,,3/31/2028,3/31/2030,POINT (-91.67337 41.97649)
"Big River Packaging, Inc. and BRP Holding, LLC",Clinton,Clinton,Under contract - In Performance,High Quality Jobs Program,21-HQJPTC-035,5/21/2021,"$4,375,000 ","$4,375,000 ",$0 ,"$237,750 ",9,0,0,9,$17.57 ,9,0,0,9,$17.57 ,,,,,"$4,375,000.00 ",2/28/2026,,,,,2/28/2026,2/28/2028,POINT (-90.19095 41.83898)
"Cambrex Charles City, Inc.",Floyd,Charles City,Under contract - In Performance,High Quality Jobs Program,21-HQJPDF-001,7/17/2020,"$49,290,000 ","$48,005,000 ","$250,000 ","$244,275 ",32,0,0,32,$18.81 ,32,0,0,32,$18.81 ,,,,,"$49,290,000.00 ",7/31/2025,,,,,7/31/2025,7/31/2027,POINT (-92.67416 43.06594)
"Evapco, Inc.",Sac,Lake View,Under contract - In Maintenance,High Quality Jobs Program,21-HQJPTC-039,6/25/2021,"$12,540,000 ","$12,540,000 ",$0 ,"$465,000 ",2,0,81,83,$22.06 ,2,0,60,62,$22.06 ,2,0,60,62,"$12,540,000.00 ",6/30/2024,2,0,60,62,6/30/2024,6/30/2026,POINT (-95.05251 42.31407)
"Hydrite Chemical Company, Inc.",Black Hawk,Waterloo,Under contract - In Performance,High Quality Jobs Program,22-HQJPTC-022,2/18/2022,"$21,300,000 ","$21,300,000 ",$0 ,"$1,521,000 ",20,0,0,20,$20.01 ,20,0,0,20,$20.01 ,,,,,"$21,300,000.00 ",2/28/2026,,,,,2/28/2026,2/28/2028,POINT (-92.34194 42.49329)
"Transco Railway Products, Inc.",Fayette,Oelwein,Under contract - In Maintenance,High Quality Jobs Program,22-HQJPTC-012,9/17/2021,"$1,953,133 ","$1,953,133 ",$0 ,"$22,776 ",15,0,0,15,$17.78 ,9,0,0,9,$17.78 ,9,0,0,9,"$1,953,133.00 ",9/30/2024,9,0,0,9,9/30/2024,9/30/2026,POINT (-91.91199 42.67798)
"Centro, Inc.",Dubuque,Cascade,Under contract - In Maintenance,High Quality Jobs Program,21-HQJPJTC-022,3/19/2021,"$2,512,227 ","$2,509,175 ",$0 ,"$138,096 ",16,0,8,24,$19.41 ,16,0,8,24,$19.41 ,16,0,8,24,"$2,512,227.00 ",3/31/2024,16,0,8,24,3/31/2024,3/31/2026,POINT (-91.01656 42.29875)
"Kooima Ag, Inc.",Sioux,Rock Valley,Under contract - In Performance,High Quality Jobs Program,24-HQJPTC-008,12/15/2023,"$5,184,000 ","$4,550,000 ",$0 ,"$293,717 ",11,0,1,12,$24.77 ,11,0,1,12,$24.77 ,,,,,"$5,184,000.00 ",12/31/2026,,,,,12/31/2026,12/31/2028,POINT (-96.29494 43.20672)
"Applichem, Inc.",Pottawattamie,Council Bluffs,Under contract - In Maintenance,Targeted Jobs,20-TJWPTC-001,4/17/2020,"$676,000 ","$250,000 ",$0 ,"$75,000 ",12,0,16,28,$21.30 ,12,0,16,28,$21.30 ,12,0,16,28,"$676,000.00 ",4/30/2023,12,0,16,28,4/30/2023,4/30/2025,POINT (-95.8511 41.25818)
Gregory Manufacturing Company,Lee,Fort Madison,Under contract - In Maintenance,Targeted Jobs,16-TJWTC-002,12/18/2015,"$1,585,000 ","$1,585,000 ",$0 ,"$221,900 ",0,13,0,13,$18.91 ,0,13,0,13,$18.91 ,0,13,0,13,"$1,585,000.00 ",12/31/2018,0,13,0,13,12/31/2018,12/31/2025,POINT (-91.32834 40.63066)
"Future Line, LLC",Linn,Cedar Rapids,Under contract - In Performance,High Quality Jobs Program,19-HQJPTC-027,5/17/2019,"$3,989,500 ","$3,845,000 ",$0 ,"$188,375 ",10,0,0,14,$21.61 ,10,0,4,14,$21.61 ,,,,,"$3,989,500.00 ",5/31/2025,,,,,5/31/2025,5/31/2027,POINT (-91.67337 41.97649)
Mid-States Material Handling & Fabrication,Story,Nevada,Under contract - In Maintenance,High Quality Jobs Program,21-HQJPTC-006,8/21/2020,"$3,169,500 ","$3,169,500 ",$0 ,"$108,015 ",1,0,8,9,$27.07 ,1,0,8,9,$27.07 ,1,0,8,9,"$3,169,500.00 ",8/31/2023,1,0,8,9,8/31/2023,8/31/2025,POINT (-93.45286 42.0227)
Sub-Zero Group,Scott,Davenport,Under contract - In Performance,High Quality Jobs Program,22-HQJPDF-011,6/17/2022,"$140,600,000 ","$140,600,000 ","$1,135,000 ","$2,560,000 ",127,0,65,0,$24.20 ,127,0,0,192,$24.20 ,,,,,"$140,600,000.00 ",6/30/2027,,,,,6/30/2027,6/30/2029,POINT (-90.57602 41.53826)
"MCF Operating, LLC dba Mrs. Clark's Foods",Polk,Ankeny,Under contract - In Performance,High Quality Jobs Program,25-HQJPTC-011,3/21/2025,"$25,700,000 ","$25,700,000 ",$0 ,"$708,000 ",1,0,11,12,$35.71 ,1,0,11,12,$35.71 ,,,,,"$25,700,000.00 ",3/31/2028,,,,,3/31/2028,3/31/2030,POINT (-93.60527 41.73188)
"Lopez Foods, Inc.",Cherokee,Cherokee,Under contract - In Performance,High Quality Jobs Program,20-HQJPDF-004,12/20/2019,"$87,563,000 ","$29,563,000 ","$500,000 ","$1,855,000 ",171,6,215,392,$17.40 ,171,6,215,392,$17.40 ,,,,,"$87,563,000.00 ",12/31/2025,,,,,12/31/2025,12/31/2027,POINT (-95.55129 42.74958)
"Alliance Outdoor Group, inc.",Appanoose,Centerville,Under contract - In Performance,High Quality Jobs Program,21-HQJDF-005,5/21/2021,"$1,966,290 ","$1,966,290 ","$150,000 ","$147,524 ",25,0,25,50,$16.33 ,25,0,25,50,$16.33 ,,,,,"$1,966,290.00 ",5/31/2025,,,,,5/31/2025,5/31/2027,POINT (-92.86558 40.73252)
Dieomatic Incorporated dba Williamsburg Manufacturing,Iowa,Williamsburg,Under contract - In Performance,High Quality Jobs Program,22-HQJPDF-007,9/17/2021,"$46,000,000 ","$46,000,000 ","$250,000 ","$330,000 ",58,0,463,521,$26.92 ,58,0,463,521,$26.92 ,,,,,"$46,000,000.00 ",9/30/2026,,,,,9/30/2026,9/30/2028,POINT (-92.00813 41.66067)
"Pollard Games, Inc. dba AmericanGames and International Gamco",Pottawattamie,Council Bluffs,Under contract - In Performance,Targeted Jobs,21-TJWPTC-003,6/25/2021,"$9,650,000 ","$9,400,000 ",$0 ,"$610,565 ",48,0,103,151,$22.13 ,48,0,103,151,$22.13 ,,,,,"$9,650,000.00 ",6/30/2026,,,,,6/30/2026,6/30/2029,POINT (-95.8511 41.25818)
Rocklin Manufacturing Co.,Woodbury,Sioux City,Under contract - In Maintenance,Targeted Jobs,17-TJWTC-005,11/18/2016,"$1,396,000 ","$1,394,000 ",$0 ,"$176,648 ",0,8,0,8,$18.72 ,0,8,0,8,$18.72 ,0,8,0,8,"$1,396,000.00 ",11/30/2019,0,8,0,8,11/30/2019,11/30/2026,POINT (-96.42086 42.4999)
Nestle Purina PetCare Company,Webster,Ft. Dodge,Under contract - In Performance,High Quality Jobs Program,24-HQJPTC-010,2/16/2024,"$175,000,000 ","$175,000,000 ",$0 ,"$3,500,000 ",50,0,0,50,$21.74 ,50,0,0,50,$21.74 ,,,,,"$175,000,000.00 ",2/28/2027,,,,,2/28/2027,2/28/2029,POINT (-94.17764 42.50155)
"International Paper, Co.",Linn,Cedar Rapids,Under contract - In Performance,High Quality Jobs Program,23-HQJPTC-013,1/20/2023,"$103,000,000 ","$102,950,000 ",$0 ,"$1,200,000 ",7,0,0,7,$30.24 ,7,0,0,7,$30.24 ,,,,,"$103,000,000.00 ",1/31/2026,,,,,1/31/2026,1/31/2028,POINT (-91.67337 41.97649)
Shell Rock Soy Processing LLC,Butler,Shell Rock,Under contract - In Maintenance,High Quality Jobs Program,21-HQJPTC-028,4/16/2021,"$243,000,000 ","$224,600,000 ",$0 ,"$4,100,000 ",51,0,0,51,$20.71 ,51,0,0,51,$20.71 ,51,0,0,51,"$243,000,000.00 ",4/30/2024,51,0,0,51,4/30/2024,4/30/2026,POINT (-92.58276 42.71047)
"Weiler, Inc.",Marion,Knoxville,Under contract - In Performance,High Quality Jobs Program,24-HQJPDF-003,3/22/2024,"$22,805,000 ","$16,805,000 ","$400,000 ","$112,500 ",89,0,82,171,$25.86 ,89,0,89,171,$25.86 ,,,,,"$22,805,000.00 ",3/31/2027,,,,,3/31/2027,3/31/2029,POINT (-93.09988 41.32029)
A-1 Mobile Storage Service,Delaware,Manchester,Under contract - In Performance,High Quality Jobs Program,25-HQJP-003,8/16/2024,"$5,920,000 ","$5,720,000 ",$0 ,"$297,600 ",8,0,0,8,$24.97 ,8,0,0,8,$24.97 ,,,,,"$5,920,000.00 ",8/31/2027,,,,,8/31/2027,8/31/2029,POINT (-91.45728 42.48398)
"MCF Operating, LLC dba Mrs. Clark's Foods",Polk,Ankeny,Under contract - In Maintenance,High Quality Jobs Program,21-HQJPTC-009,9/18/2020,"$9,250,000 ","$9,250,000 ",$0 ,"$322,500 ",1,0,19,20,$25.76 ,1,0,19,20,$25.76 ,1,0,19,20,"$9,250,000.00 ",9/30/2023,1,0,19,20,9/30/2023,9/30/2025,POINT (-93.60527 41.73188)
CPM Acquisition Corporation,Black Hawk,Waterloo,Under contract - In Maintenance,High Quality Jobs Program,21-HQJPTC-036,5/21/2021,"$5,700,000 ","$3,000,000 ",$0 ,"$601,000 ",14,0,0,14,$19.01 ,14,0,0,14,$19.01 ,14,0,0,14,"$5,700,000.00 ",5/31/2024,14,0,0,14,5/31/2024,5/31/2026,POINT (-92.34194 42.49329)
"Source Allies, Inc.",Polk,Urbandale,Under contract - In Maintenance,High Quality Jobs Program,18-HQJDF-051,5/18/2018,"$4,527,800 ","$3,812,000 ","$144,000 ","$244,250 ",36,0,0,36,$29.12 ,36,0,0,36,$29.12 ,36,0,0,36,"$4,527,800.00 ",5/31/2024,36,0,0,36,5/31/2024,5/31/2026,POINT (-93.71234 41.62553)
Valent BioSciences LLC,Mitchell,Osage,Under contract - In Performance,High Quality Jobs Program,22-HQJPTC-036,6/17/2022,"$32,250,000 ","$31,800,000 ",$0 ,"$1,104,000 ",10,0,0,10,$23.71 ,10,0,10,10,$23.71 ,,,,,"$32,250,000.00 ",6/30/2025,,,,,6/30/2025,6/30/2027,POINT (-92.81031 43.28408)
Frontier Natural Products Co-op,Benton,Belle Plaine,Under contract - In Performance,High Quality Jobs Program,25-HQJPTC-012,4/18/2025,"$30,194,100 ","$30,144,100 ",$0 ,"$789,731 ",6,0,10,16,$22.18 ,6,9,10,16,$22.18 ,,,,,"$30,194,100.00 ",4/30/2028,,,,,4/30/2028,4/30/2030,POINT (-92.27742 41.89706)
"Independence Foods, LLC",Buchanan,Independence,Under contract - In Performance,High Quality Jobs Program,24-HQJPDF-002,11/17/2023,"$15,050,000 ","$14,750,000 ","$1,500,000 ",$0 ,229,0,0,229,$25.90 ,229,0,0,229,$25.90 ,,,,,"$15,050,000.00 ",11/30/2026,,,,,11/30/2026,11/30/2028,POINT (-91.88944 42.4779)
"Bio Springer North America Corporation and its Sister Company, Lesaffre Yeast Corporation",Linn,Cedar Rapids,Under contract - In Maintenance,High Quality Jobs Program,20-HQJPTC-013,11/22/2019,"$29,000,000 ","$29,000,000 ",$0 ,"$623,000 ",5,0,1,5,$22.27 ,5,0,0,5,$22.27 ,5,0,0,5,"$29,000,000.00 ",11/30/2022,5,0,0,5,11/30/2022,11/30/2024,POINT (-91.67337 41.97649)
Parker-Hannifin Corporation,Montgomery,Red Oak,Under contract - In Performance,High Quality Jobs Program,23-HQJPTC-025,6/16/2023,"$2,513,000 ","$2,513,000 ",$0 ,"$143,000 ",35,0,30,65,$21.62 ,35,0,35,65,$21.62 ,,,,,"$2,513,000.00 ",6/30/2026,,,,,6/30/2026,6/30/2028,POINT (-95.23273 41.00949)
Gary W. Clem dba ALMACO,Story,Nevada,Under contract - In Performance,High Quality Jobs Program,22-HQJPDF-002,7/16/2021,"$5,500,000 ","$850,000 ","$125,000 ","$95,000 ",34,0,26,60,$27.07 ,34,0,26,60,$27.07 ,,,,,"$5,500,000.00 ",7/31/2026,,,,,7/31/2026,7/31/2028,POINT (-93.45286 42.0227)
"Ironwood 53 LLC and Whitetail Holdings, LLC",Sioux,Rock Valley,Under contract - In Performance,High Quality Jobs Program,21-HQJPTC-023,3/19/2021,"$3,045,857 ","$2,515,857 ",$0 ,"$200,953 ",16,0,0,16,$22.04 ,16,0,0,16,$22.04 ,,,,,"$3,045,857.00 ",3/31/2025,,,,,3/31/2025,3/31/2027,POINT (-96.29494 43.20672)
Bazooka Farmstar LLC,Washington,Washington,Under contract - In Performance,High Quality Jobs Program,21-HQJPTC-034,5/21/2021,"$6,000,000 ","$6,000,000 ",$0 ,"$390,000 ",30,0,0,30,$20.92 ,30,0,0,30,$20.92 ,,,,,"$6,000,000.00 ",5/31/2026,,,,,5/31/2026,5/31/2028,POINT (-91.69151 41.29644)
Vermeer Manufacturing,Marion,Pella,Under contract - In Maintenance,High Quality Jobs Program,22-HQJPTC-001,7/16/2021,"$74,708,849 ","$43,694,938 ",$0 ,"$2,208,517 ",75,0,25,100,$22.62 ,75,0,25,100,$22.62 ,75,0,25,100,"$74,708,849.00 ",7/31/2024,75,0,25,100,7/31/2024,7/31/2026,POINT (-92.91645 41.40773)
Clow Valve Company,Mahaska,Oskaloosa,Under contract - In Performance,High Quality Jobs Program,23-HQJPTC-014,2/17/2023,"$68,500,000 ","$68,500,000 ",$0 ,"$1,153,000 ",0,294,0,294,$24.55 ,0,294,0,294,$24.55 ,,,,,"$68,500,000.00 ",2/28/2026,,,,,2/28/2026,2/28/2028,POINT (-92.64508 41.29692)
Apple Inc.,Dallas,Waukee,Under contract - In Performance,High Quality Jobs Program,18-HQJTC-008,8/24/2017,"$1,375,000,000 ","$1,330,000,000 ",$0 ,"$19,650,000 ",50,0,0,50,$29.12 ,50,0,0,50,$29.12 ,,,,,"$1,375,000,000.00 ",8/31/2027,,,,,8/31/2027,8/31/2029,POINT (-93.8856 41.61171)
Kooima Company,Sioux,Rock Valley,Under contract - In Performance,High Quality Jobs Program,25-HQJPTC-006,12/20/2024,"$13,860,464 ","$11,600,000 ",$0 ,"$479,000 ",11,0,0,11,$25.97 ,11,0,0,11,$25.97 ,,,,,"$13,860,464.00 ",12/31/2027,,,,,12/31/2027,12/31/2029,POINT (-96.29494 43.20672)
"Electrical Power Products, Inc. and Electro Management Corp",Polk,Des Moines,Under contract - In Maintenance,High Quality Jobs Program,21-HQJPTC-012,10/16/2020,"$5,483,472 ","$5,483,472 ",$0 ,"$244,647 ",2,0,0,2,$26.54 ,2,0,0,2,$26.54 ,2,0,0,2,"$5,483,472.00 ",10/31/2023,2,0,0,2,10/31/2023,10/31/2025,POINT (-93.61538 41.58981)
"Puck Custom Enterprises, Inc.",Audubon,Manning,Under contract - In Performance,High Quality Jobs Program,23-HQJP-006,2/17/2023,"$6,000,000 ","$3,000,000 ","$150,000 ","$318,000 ",40,0,0,40,$19.75 ,40,0,0,40,$19.75 ,,,,,"$6,000,000.00 ",2/28/2026,,,,,2/28/2026,2/28/2028,POINT (-95.06374 41.90666)
Mid-States Material Handling & Fabrication,Story,Nevada,Under contract - In Performance,High Quality Jobs Program,24-HQJPTC-003,7/21/2023,"$3,430,000 ","$3,430,000 ",$0 ,"$85,500 ",1,0,8,0,$29.47 ,1,0,8,9,$29.47 ,,,,,"$3,430,000.00 ",7/31/2026,,,,,7/31/2026,7/31/2028,POINT (-93.45286 42.0227)
"Rockwell Collins, Inc.",Linn,Cedar Rapids,Under contract - In Performance,High Quality Jobs Program,23-HQJPTC-018,3/17/2023,"$22,000,000 ","$22,000,000 ",$0 ,"$1,825,000 ",16,25,0,41,$30.24 ,16,25,0,41,$30.24 ,,,,,"$22,000,000.00 ",3/31/2026,,,,,3/31/2026,3/31/2028,POINT (-91.67337 41.97649)
"Diversified Technologies, Inc.",Lyon,George,Under contract - In Performance,High Quality Jobs Program,23-HQJPTC-001,7/22/2022,"$12,575,000 ","$12,575,000 ",$0 ,"$543,625 ",10,0,0,10,$21.96 ,10,0,0,10,$21.96 ,,,,,"$12,575,000.00 ",7/31/2025,,,,,7/31/2025,7/31/2027,POINT (-95.99841 43.34526)
"Cargill, Incorporated",Webster,Fort Dodge,Under contract - In Maintenance,High Quality Jobs Program,22-HQJPTC-021,2/18/2022,"$48,250,000 ","$33,250,000 ",$0 ,"$700,000 ",0,0,0,0,$20.47 ,0,0,0,0,$20.47 ,0,0,0,0,"$48,250,000.00 ",2/28/2025,0,0,0,0,2/28/2025,2/28/2027,POINT (-94.17764 42.50155)
"HMA Group Holdings, LLC",Dallas,West Des Moines,Under contract - In Performance,High Quality Jobs Program,25-HQJPTC-007,12/20/2024,"$10,600,000 ","$8,398,000 ",$0 ,"$413,900 ",121,0,0,121,$36.80 ,121,0,0,121,$36.80 ,,,,,"$10,600,000.00 ",12/31/2027,,,,,12/31/2027,12/31/2029,POINT (-93.75694 41.5677)
Sukup Manufacturing Co.,Worth,Manly,Under contract - In Maintenance,High Quality Jobs Program,21-HQJPTC-011,10/16/2020,"$4,732,800 ","$4,732,800 ",$0 ,"$165,234 ",10,0,0,10,$19.09 ,10,0,0,10,$19.09 ,10,0,0,10,"$4,732,800.00 ",10/31/2023,10,0,0,10,10/31/2023,10/31/2025,POINT (-93.20127 43.28402)
"Cambrex Charles City, Inc.",Floyd,Charles City,Under contract - In Performance,High Quality Jobs Program,23-HQJPDF-002,10/21/2022,"$6,500,000 ","$6,500,000 ","$300,000 ","$295,000 ",39,0,1,40,$20.58 ,39,0,1,40,$20.58 ,,,,,"$6,500,000.00 ",10/31/2025,,,,,10/31/2025,10/31/2027,POINT (-92.67416 43.06594)
"Alpla, Inc.",Johnson,Iowa City,Under contract - In Performance,High Quality Jobs Program,24-HQJPTC-007,12/15/2023,"$12,750,000 ","$12,750,000 ",$0 ,"$540,000 ",6,0,36,42,$30.65 ,6,0,36,42,$30.65 ,,,,,"$12,750,000.00 ",12/31/2026,,,,,12/31/2026,12/31/2028,POINT (-91.52653 41.65782)
"Link MFG., Ltd.",Sioux,Sioux Center,Under contract - In Maintenance,High Quality Jobs Program,21-HQJPTC-017,1/22/2021,"$6,000,000 ","$6,000,000 ",$0 ,"$329,500 ",14,0,40,54,$22.32 ,14,0,40,54,$22.32 ,14,0,40,54,"$6,000,000.00 ",1/31/2024,14,0,40,54,1/31/2024,1/31/2026,POINT (-96.17548 43.07743)
"Underground Magnetics, Inc. and Blue Tree, LLC",Polk,Johnston,Under contract - In Maintenance,High Quality Jobs Program,21-HQJPTC-025,3/19/2021,"$7,200,000 ","$7,200,000 ",$0 ,"$360,000 ",4,0,1,5,$26.57 ,4,0,1,5,$26.57 ,4,0,1,5,"$7,200,000.00 ",3/31/2024,4,0,1,5,3/31/2024,3/31/2026,POINT (-93.71223 41.67232)
"Hormel Foods Corporation, Progressive Processing, LLC",Dubuque,Dubuque,Under contract - In Maintenance,High Quality Jobs Program,20-HQJPTC-006,9/20/2019,"$13,006,400 ","$13,006,400 ",$0 ,"$575,706 ",14,0,58,72,$23.39 ,14,0,58,72,$23.39 ,14,0,58,72,"$13,006,400.00 ",9/30/2022,14,0,58,72,9/30/2022,9/30/2024,POINT (-90.66304 42.49919)
"Medline Industries, LP and MRE, LP",Dubuque,Dubuque,Under contract - In Maintenance,High Quality Jobs Program,18-HQJTC-039,3/23/2018,"$19,612,000 ","$19,612,000 ",$0 ,"$1,559,840 ",76,0,29,105,$22.37 ,76,0,29,105,$22.37 ,76,0,29,105,"$19,612,000.00 ",6/30/2023,49,0,0,49,6/30/2023,6/30/2025,POINT (-90.66304 42.49919)
"Danisco Us Inc., a Subsidiary of International Flavors & Fragrances",Linn,Cedar Rapids,Under contract - In Maintenance,High Quality Jobs Program,21-HQJPTC-030,5/21/2021,"$48,726,264 ","$43,826,465 ",$0 ,"$685,875 ",8,0,0,8,$23.20 ,8,0,0,8,$23.20 ,8,0,0,8,"$48,726,264.00 ",5/31/2024,8,0,0,8,5/31/2024,5/31/2026,POINT (-91.67337 41.97649)
"Claim DOC, LLC",Polk,West Des Moines,Under contract - In Maintenance,High Quality Jobs Program,21-HQJTC-004,7/17/2020,"$5,222,000 ","$4,456,000 ",$0 ,"$297,800 ",21,0,33,54,$26.67 ,21,0,33,54,$26.67 ,21,0,33,54,"$5,222,000.00 ",7/31/2023,21,0,33,54,7/31/2023,7/31/2025,POINT (-93.75694 41.5677)
"Google, LLC",Pottawattamie,Council Bluffs,Under contract - In Performance,High Quality Jobs Program,23-HQJPTC-005,10/21/2022,"$600,000,000 ","$600,000,000 ",$0 ,$0 ,31,0,0,31,$28.73 ,31,0,0,31,$28.73 ,,,,,"$600,000,000.00 ",10/31/2029,,,,,10/31/2029,10/31/2031,POINT (-95.8511 41.25818)
Bull Moose Heavy Haul Inc. dba XL Specialized Trailers,Delaware,Manchester,Under contract - In Maintenance,High Quality Jobs Program,21-HQJPTC-014,11/20/2020,"$7,360,000 ","$7,320,000 ",$0 ,"$507,000 ",65,0,0,65,$21.43 ,65,0,0,65,$21.43 ,65,0,0,65,"$7,360,000.00 ",2/28/2024,65,0,0,65,2/28/2024,2/28/2026,POINT (-91.45728 42.48398)
"Seaboard Triumph Foods, LLC",Woodbury,Sioux City,Under contract - In Maintenance,Targeted Jobs,15-TJWTC-010,5/22/2015,"$301,383,332 ","$298,430,089 ",$0 ,"$10,052,252 ",212,0,898,"1,110",$20.66 ,713,0,397,"1,110",$16.63 ,713,0,397,"1,110","$301,383,332.00 ",9/30/2020,713,0,397,"1,110",9/30/2020,9/30/2027,POINT (-96.42086 42.4999)
"Acadia Healhcare, Inc. and Manawa Healthcare LLC",Pottawattamie,Council Bluffs,Under contract - In Performance,Targeted Jobs,24-TJWPTC-001,12/15/2023,"$64,500,000 ","$64,500,000 ",$0 ,"$1,897,541 ",54,0,90,144,$26.35 ,54,0,90,144,$26.35 ,,,,,"$64,500,000.00 ",12/31/2026,,,,,12/31/2026,12/31/2033,POINT (-95.8511 41.25818)
"Verbio Nevada, LLC",Story,Nevada,Under contract - In Maintenance,High Quality Jobs Program,21-HQJTC-020,3/19/2021,"$80,000,000 ","$80,000,000 ",$0 ,"$2,550,000 ",33,0,48,81,$27.07 ,33,0,48,81,$27.07 ,33,0,48,81,"$80,000,000.00 ",3/31/2024,33,0,48,81,3/31/2024,3/31/2026,POINT (-93.45286 42.0227)
"McCoy Group, Inc.",Dubuque,Dubuque,Under contract - In Performance,High Quality Jobs Program,23-HQJPTC-011,12/16/2022,"$33,366,369 ","$33,270,000 ",$0 ,"$1,218,000 ",12,0,6,18,$26.56 ,12,0,6,18,$26.56 ,,,,,"$33,366,369.00 ",12/31/2025,,,,,12/31/2025,12/31/2027,POINT (-90.66304 42.49919)
Osmundson Manufacturing Co.,Dallas,Perry,Under contract - In Performance,High Quality Jobs Program,23-HQJPTC-023,6/16/2023,"$19,130,000 ","$19,110,000 ",$0 ,"$789,100 ",2,0,15,17,$28.07 ,2,0,15,17,$28.07 ,,,,,"$19,130,000.00 ",6/30/2026,,,,,6/30/2026,6/30/2028,POINT (-94.1056 41.83854)
"Wells Enterprises, Inc.",Plymouth,Le Mars,Under contract - In Performance,High Quality Jobs Program,22-HQJPTC-033,5/20/2022,"$70,000,000 ","$70,000,000 ",$0 ,"$6,300,000 ",82,0,53,135,$23.94 ,82,0,53,135,$23.94 ,,,,,"$70,000,000.00 ",5/31/2025,,,,,5/31/2025,5/31/2027,POINT (-96.16808 42.79306)
Frontier Natural Products Co-op,Benton,Norway,Under contract - In Maintenance,High Quality Jobs Program,21-HQJPTC-010,10/16/2020,"$7,369,330 ","$7,369,330 ",$0 ,"$300,462 ",4,0,20,24,$27.84 ,4,0,20,24,$27.84 ,4,0,20,24,"$7,369,330.00 ",10/31/2023,4,0,20,24,10/31/2023,10/31/2025,POINT (-91.91974 41.90284)
"BAE Systems Information and Electronic Systems Integration, Inc.",Linn,Cedar Rapids,Under contract - In Performance,High Quality Jobs Program,21-HQJPTC-001,7/17/2020,"$139,100,000 ","$115,200,000 ",$0 ,"$7,535,000 ",628,0,22,650,$22.27 ,628,0,22,650,$22.27 ,,,,,"$139,100,000.00 ",7/31/2025,,,,,7/31/2025,7/31/2027,POINT (-91.67337 41.97649)
"JRS Pharma, LP",Linn,Cedar Rapids,Under contract - In Performance,High Quality Jobs Program,23-HQJPTC-002,9/16/2022,"$18,019,624 ","$17,994,624 ",$0 ,"$1,026,741 ",18,0,0,18,$24.20 ,18,0,0,18,$24.20 ,,,,,"$18,019,624.00 ",9/30/2025,,,,,9/30/2025,9/30/2027,POINT (-91.67337 41.97649)
"Ihle Fabrications, LLC",Polk,Polk City,Under contract - In Performance,High Quality Jobs Program,24-HQJPTC-006,9/29/2023,"$11,150,000 ","$10,900,000 ",$0 ,"$755,500 ",27,0,2,29,$33.40 ,27,0,2,29,$33.40 ,,,,,"$11,150,000.00 ",9/30/2026,,,,,9/30/2026,9/30/2028,POINT (-93.71413 41.77149)
Nestle Purina PetCare Company,Clinton,Clinton,Under contract - In Performance,High Quality Jobs Program,23-HQJPTC-010,12/16/2022,"$110,000,000 ","$110,000,000 ",$0 ,"$1,500,000 ",15,0,0,15,$19.57 ,15,0,0,15,$19.57 ,,,,,"$110,000,000.00 ",12/31/2025,,,,,12/31/2025,12/31/2027,POINT (-90.19095 41.83898)
"Simmons Pet Food, Inc.",Dubuque,Dubuque,Under contract - In Maintenance,High Quality Jobs Program,21-HQJPDF-004,12/18/2020,"$79,500,000 ","$79,500,000 ","$800,000 ","$3,300,000 ",206,0,65,271,$20.49 ,206,0,65,271,$20.49 ,206,0,65,271,"$79,500,000.00 ",12/31/2023,206,0,65,271,12/31/2023,12/31/2025,POINT (-90.66304 42.49919)
Upper Iowa Beef LLC,Howard,Lime Springs,Under contract - In Performance,High Quality Jobs Program,23-HQJPTC-012,1/20/2023,"$48,066,407 ","$48,066,407 ",$0 ,"$1,510,969 ",33,0,139,172,$23.53 ,33,0,139,172,$23.53 ,,,,,"$48,066,407.00 ",1/31/2026,,,,,1/31/2026,1/31/2028,POINT (-92.28052 43.4488)
"Merrill Iron & Steel, Inc. dba Merrill Steel",Clinton,Camanche,Under contract - In Performance,High Quality Jobs Program,24-HQJPDF-001,9/29/2023,"$18,400,000 ","$18,300,000 ","$800,000 ",$0 ,94,0,0,94,$19.57 ,94,0,0,94,$19.57 ,,,,,"$18,400,000.00 ",9/30/2026,,,,,9/30/2026,9/30/2028,POINT (-90.25232 41.79743)
"Pvpallet, Inc.",Lee,Montrose,Under contract - In Performance,High Quality Jobs Program,22-HQJPDF-008,4/22/2022,"$17,140,000 ","$16,230,000 ","$350,000 ","$163,100 ",26,0,0,26,$17.84 ,26,0,0,26,$17.84 ,,,,,"$17,140,000.00 ",4/30/2025,,,,,4/30/2025,4/30/2027,POINT (-91.41526 40.53208)
